{"price_mean": 175.14907753442637, "price_std": 87.18344458278165, "sentiment_mean": -0.024001347882331013, "sentiment_std": 0.044211951990441256}